model,accuracy,precision_churn,recall_churn,f1_churn,roc_auc,brier_score
logistic_regression,0.59,0.27906976744186046,0.5454545454545454,0.36923076923076925,0.6247086247086248,0.24784816156392497
gradient_boosting,0.78,0.5,0.09090909090909091,0.15384615384615385,0.6136363636363636,0.1684045714797314
dummy,0.78,0.0,0.0,0.0,0.5,0.22
random_forest,0.77,0.0,0.0,0.0,0.6130536130536131,0.1672631068094516
